Vrsta aktivnosti,Datum,Favorit,Naslov,Udaljenost,Kalorije,Vrijeme,Prosječni puls,Maksimalni puls,Aerobno TE,Prosječna kadenca trčanja,Maksimalna kadenca trčanja,Prosječan tempo,Najbolji tempo,Ukupni uspon,Ukupni silazak,Prosječna dužina koraka,Prosječan omjer vertikalne oscilacije,Prosječna okomita oscilacija,Prosječno vrijeme dodira s tlom,Prosječan balans za VDT,Prosječni tempo prilagođen nagibu,Prosječna kadenca trčanja,Maksimalna kadenca trčanja,Normalized Power® (NP®),Balans lijevo/desno,Training Stress Score®,Maksimalna prosječna snaga (20 min),Prosječna snaga,Maksimalna snaga,Težina,Tok,Ukupno zaveslaja,Prosječan Swolf,Prosječna brzina zaveslaja,Ukupno ponavljanja,Vrijeme ronjenja,Minimalna temperatura,Interval na površini,Dekompresija,Vrijeme najbolje dionice,Broj dionica,Maksimalna temperatura,Vrijeme kretanja,Proteklo vrijeme,Min. nadmorska visina,Maks. nadmorska visina
Dvoranski biciklizam,2024-02-28 17:37:19,false,"Base","29.50","619","00:51:03","123","140","2.5","--","--","34.7","36.6","--","--","0.00","0.0","0.0","0","--","--","80","134","180","--","80.5","183","179","287","0.0","0.0","4093","0","0","0","0:00","0.0","0:00","Ne","00:02.92","7","0.0","00:50:56","00:53:20","--","--"
Trčanje,2024-02-27 17:22:59,false,"Porec Trčanje","5.20","337","00:26:34","141","152","2.6","167","180","5:07","4:38","57","56","1.16","8.3","9.7","256","--","5:05","--","--","320","--","0.0","--","316","385","0.0","0.0","--","0","0","0","0:00","0.0","0:00","Ne","00:59.25","6","0.0","00:26:31","00:26:34","50","106"
Trčanje,2024-02-25 11:42:15,false,"Porec Trčanje","2.80","192","00:14:44","148","169","2.2","167","174","5:16","4:53","14","7","1.13","8.4","9.5","257","--","5:13","--","--","311","--","0.0","--","308","413","0.0","0.0","--","0","0","0","0:00","0.0","0:00","Ne","04:12.59","3","0.0","00:14:40","00:14:52","5","16"
Trčanje,2024-02-25 11:00:16,false,"Porec Trčanje","7.22","451","00:28:36","173","184","3.9","174","199","3:58","3:01","66","69","1.44","7.0","10.1","223","--","3:56","--","--","408","--","0.0","--","402","526","0.0","0.0","--","0","0","0","0:00","0.0","0:00","Ne","00:49.91","8","0.0","00:28:32","00:28:36","5","30"
Skijanje na dasci,2024-02-24 12:55:35,false,"Bohinj Skijanje na dasci","14.24","751","02:46:55","94","148","0.6","--","--","8.9","50.0","1,826","1,852","0.00","0.0","0.0","0","--","--","--","--","--","--","0.0","--","0","0","0.0","0.0","--","0","0","0","0:00","0.0","0:00","Ne","03:58.58","12","0.0","01:52:10","02:58:35","1,490","1,682"
Dvoranski biciklizam,2024-02-23 19:49:54,false,"Base","34.23","683","01:02:12","124","141","2.5","--","--","33.0","35.2","--","--","0.00","0.0","0.0","0","--","--","88","137","161","--","78.3","163","160","265","0.0","0.0","5498","0","0","0","0:00","0.0","0:00","Ne","07:35.65","7","0.0","01:02:11","01:02:12","--","--"
Trčanje,2024-02-22 17:17:00,false,"Rijeka Trčanje","10.29","677","00:54:12","147","174","3.3","165","186","5:16","4:14","270","278","1.14","8.4","9.4","257","--","4:57","--","--","350","--","0.0","--","319","546","0.0","0.0","--","0","0","0","0:00","0.0","0:00","Ne","01:00.94","19","0.0","00:53:58","01:01:47","27","127"
Trčanje,2024-02-20 16:44:31,false,"Rijeka - 5x6min","12.01","741","00:55:35","148","175","3.8","159","192","4:38","3:20","74","107","1.32","7.4","9.7","233","--","4:37","--","--","368","--","0.0","--","333","562","0.0","0.0","--","0","0","0","0:00","0.0","0:00","Ne","00:10.37","20","0.0","00:54:35","01:09:43","3","117"
Trčanje,2024-02-19 17:17:14,false,"Rijeka Trčanje","8.33","515","00:41:00","141","158","3.0","167","176","4:55","4:08","109","129","1.21","8.1","9.7","251","--","4:53","--","--","336","--","0.0","--","329","457","0.0","0.0","--","0","0","0","0:00","0.0","0:00","Ne","01:50.29","9","0.0","00:40:48","00:45:45","46","133"
Terensko trčanje,2024-02-17 10:00:11,false,"Brtonigla Terensko trčanje","27.79","2,399","04:34:12","141","168","4.3","94","248","9:52","4:08","788","793","1.01","8.5","8.1","273","--","9:31","--","--","242","--","0.0","--","150","564","0.0","0.0","--","0","0","0","0:00","0.0","0:00","Ne","02:56.71","29","0.0","03:25:26","04:34:17","7","183"
Trčanje,2024-02-16 16:31:08,false,"Porec Trčanje","5.31","336","00:25:52","143","155","2.7","168","176","4:52","4:18","64","60","1.21","8.0","9.7","250","--","4:50","--","--","337","--","0.0","--","331","438","0.0","0.0","--","0","0","0","0:00","0.0","0:00","Ne","01:25.11","6","0.0","00:25:49","00:26:22","86","137"
Dvoranski biciklizam,2024-02-14 17:59:29,false,"bicikla 5×6min","27.96","664","01:00:01","128","151","2.8","--","--","28.0","32.4","--","--","0.00","0.0","0.0","0","--","--","83","128","179","--","93.5","187","161","325","0.0","0.0","4784","0","0","0","0:00","0.0","0:00","Ne","00:01.21","13","0.0","00:57:52","01:00:01","--","--"
Trčanje,2024-02-13 16:28:58,false,"Rijeka Trčanje","8.31","557","00:43:44","150","175","3.3","165","186","5:16","4:15","240","253","1.14","8.4","9.5","257","--","4:59","--","--","367","--","0.0","--","321","595","0.0","0.0","--","0","0","0","0:00","0.0","0:00","Ne","00:52.22","20","0.0","00:43:28","00:48:17","106","205"
Trčanje,2024-02-10 10:17:47,false,"Rijeka Trčanje","14.24","971","01:17:27","150","175","3.9","167","198","5:26","4:18","423","397","1.09","8.6","9.2","260","--","5:06","--","--","336","--","0.0","--","316","459","0.0","0.0","--","0","0","0","0:00","0.0","0:00","Ne","01:29.01","15","0.0","01:17:05","01:25:13","5","278"
Trčanje,2024-02-08 17:03:53,false,"Rijeka Trčanje","10.14","656","00:50:02","149","168","3.3","166","186","4:56","4:00","193","201","1.21","8.1","9.8","253","--","4:48","--","--","351","--","0.0","--","335","529","0.0","0.0","--","0","0","0","0:00","0.0","0:00","Ne","00:42.48","11","0.0","00:49:51","00:51:59","45","206"
Trčanje,2024-02-06 11:44:46,false,"Porec Trčanje","8.00","494","00:38:40","142","158","3.0","168","174","4:50","4:15","93","92","1.22","8.0","9.8","250","--","4:47","--","--","341","--","0.0","--","337","435","0.0","0.0","--","0","0","0","0:00","0.0","0:00","Ne","00:01.12","9","0.0","00:38:38","00:39:24","55","100"
Trčanje,2024-02-04 11:00:28,false,"Pican Trčanje","5.93","336","00:22:10","165","181","3.4","175","191","3:44","3:09","36","35","1.52","6.7","10.3","216","--","3:44","--","--","422","--","0.0","--","418","495","0.0","0.0","--","0","0","0","0:00","0.0","0:00","Ne","03:23.74","6","0.0","00:22:08","00:22:10","27","40"
Trčanje,2024-02-03 13:42:50,false,"Tinjan Trčanje","10.97","685","00:53:37","145","162","3.2","167","178","4:53","4:10","134","130","1.21","8.1","9.8","251","--","4:50","--","--","337","--","0.0","--","333","476","0.0","0.0","--","0","0","0","0:00","0.0","0:00","Ne","01:51.42","12","0.0","00:53:32","01:04:14","264","336"
Dvoranski biciklizam,2024-02-02 20:09:56,false,"Base","34.11","757","01:07:03","123","136","2.5","--","--","30.5","33.3","--","--","0.00","0.0","0.0","0","--","--","87","132","164","--","88.7","164","165","308","0.0","0.0","5892","0","0","0","0:00","0.0","0:00","Ne","00:02.63","8","0.0","01:06:59","01:14:03","--","--"
Trčanje,2024-01-31 12:47:25,false,"Rijeka - Threshold","9.34","578","00:41:06","154","179","3.7","168","186","4:24","3:46","61","89","1.34","7.6","10.1","239","--","4:23","--","--","368","--","0.0","--","361","515","0.0","0.0","--","0","0","0","0:00","0.0","0:00","Ne","00:05.61","12","0.0","00:40:56","00:49:48","23","117"
Trčanje,2024-01-30 16:19:05,false,"Rijeka Trčanje","7.14","488","00:38:32","150","174","3.2","163","186","5:24","4:14","258","262","1.12","8.5","9.5","261","--","5:01","--","--","361","--","0.0","--","317","582","0.0","0.0","--","0","0","0","0:00","0.0","0:00","Ne","00:02.64","17","0.0","00:38:22","00:46:27","106","221"
Dvoranski biciklizam,2024-01-28 12:23:05,false,"Base","35.11","688","01:08:04","121","133","2.5","--","--","30.9","33.2","--","--","0.00","0.0","0.0","0","--","--","91","156","146","--","70.5","146","145","261","0.0","0.0","6239","0","0","0","0:00","0.0","0:00","Ne","00:04.41","9","0.0","01:08:02","01:08:04","--","--"
Terensko trčanje,2024-01-27 10:12:06,false,"Fazana Terensko trčanje","22.76","1,691","02:26:07","152","185","4.6","131","193","6:25","3:31","166","169","1.17","8.1","9.3","254","--","6:18","--","--","300","--","0.0","--","244","461","0.0","0.0","--","0","0","0","0:00","0.0","0:00","Ne","03:07.37","23","0.0","02:04:14","02:26:10","2","92"
Trčanje,2024-01-25 15:42:53,false,"Rijeka Trčanje","8.08","581","00:44:54","149","177","3.4","157","238","5:34","3:49","287","272","1.15","8.2","9.2","254","--","5:12","--","--","358","--","0.0","--","306","626","0.0","0.0","--","0","0","0","0:00","0.0","0:00","Ne","00:19.79","24","0.0","00:44:07","00:57:03","53","119"
Trčanje,2024-01-23 15:36:29,false,"Rijeka Trčanje","7.33","474","00:37:40","142","162","3.0","162","179","5:08","4:03","158","151","1.19","8.3","9.8","256","--","4:56","--","--","336","--","0.0","--","326","474","0.0","0.0","--","0","0","0","0:00","0.0","0:00","Ne","01:49.50","8","0.0","00:37:25","00:41:59","4","119"
Trčanje,2024-01-21 15:46:37,false,"Tar-Vabriga - 5x6min","11.02","697","00:53:51","148","173","3.5","156","180","4:53","3:40","120","116","1.29","7.5","9.5","237","--","4:49","--","--","365","--","0.0","--","328","532","0.0","0.0","--","0","0","0","0:00","0.0","0:00","Ne","01:38.45","18","0.0","00:52:33","00:53:51","4","34"
Trčanje,2024-01-20 13:32:25,false,"Porec Trčanje","9.12","549","00:45:33","139","154","3.0","163","178","5:00","4:18","95","107","1.21","8.1","9.8","253","--","4:58","--","--","335","--","0.0","--","328","479","0.0","0.0","--","0","0","0","0:00","0.0","0:00","Ne","01:54.21","10","0.0","00:45:19","01:01:37","69","138"
Dvoranski biciklizam,2024-01-19 18:12:38,false,"Threshold","26.12","688","01:00:03","130","157","3.0","--","--","26.1","32.6","--","--","0.00","0.0","0.0","0","--","--","87","142","188","--","104.1","174","168","309","0.0","0.0","4990","0","0","0","0:00","0.0","0:00","Ne","03:03.01","8","0.0","00:56:51","01:04:43","--","--"
Trčanje,2024-01-18 12:30:15,false,"Rijeka Trčanje","8.14","580","00:46:45","152","184","3.3","156","196","5:44","3:12","200","205","1.10","8.2","8.8","254","--","5:34","--","--","354","--","0.0","--","287","680","0.0","0.0","--","0","0","0","0:00","0.0","0:00","Ne","00:36.16","24","0.0","00:46:12","00:48:04","106","174"
Trčanje,2024-01-16 18:41:23,false,"Rijeka Trčanje","7.28","461","00:37:46","139","165","2.8","164","178","5:11","3:53","76","103","1.16","8.4","9.7","260","--","5:11","--","--","320","--","0.0","--","310","442","0.0","0.0","--","0","0","0","0:00","0.0","0:00","Ne","01:25.74","8","0.0","00:37:39","00:43:36","45","132"
Trčanje,2024-01-14 11:00:04,false,"Marcana Trčanje","7.17","497","00:32:05","171","184","3.9","168","182","4:28","3:19","189","188","1.32","7.7","9.9","239","--","4:14","--","--","388","--","0.0","--","371","559","0.0","0.0","--","0","0","0","0:00","0.0","0:00","Ne","00:41.95","8","0.0","00:32:01","00:32:05","8","196"
Trčanje,2024-01-13 13:32:13,false,"Porec Trčanje","8.01","505","00:38:49","144","163","3.1","167","176","4:51","4:23","92","94","1.22","8.1","9.9","251","--","4:48","--","--","353","--","0.0","--","347","444","0.0","0.0","--","0","0","0","0:00","0.0","0:00","Ne","00:03.49","9","0.0","00:38:46","00:39:34","55","99"
Dvoranski biciklizam,2024-01-12 20:19:35,false,"Base","36.77","730","01:08:03","119","135","2.5","--","--","32.4","35.2","--","--","0.00","0.0","0.0","0","--","--","91","145","156","--","81.0","158","155","286","0.0","0.0","6203","0","0","0","0:00","0.0","0:00","Ne","00:03.38","9","0.0","01:08:02","01:11:18","--","--"
Trčanje,2024-01-11 13:12:46,false,"Rijeka - 5x6min","12.00","775","00:56:37","151","173","3.8","161","235","4:43","3:24","87","109","1.30","7.5","9.5","236","--","4:41","--","--","363","--","0.0","--","334","511","0.0","0.0","--","0","0","0","0:00","0.0","0:00","Ne","00:17.74","20","0.0","00:56:24","01:13:46","6","117"
Trčanje,2024-01-09 17:49:30,false,"Rijeka Trčanje","7.09","449","00:36:47","141","163","3.0","166","176","5:11","4:17","145","163","1.15","8.3","9.5","256","--","5:04","--","--","331","--","0.0","--","318","469","0.0","0.0","--","0","0","0","0:00","0.0","0:00","Ne","00:36.08","8","0.0","00:36:32","00:40:54","86","235"
Trčanje,2024-01-07 12:55:55,false,"Porec Trčanje","11.01","705","00:56:10","143","162","3.2","169","178","5:06","4:29","130","129","1.15","8.2","9.5","254","--","5:04","--","--","320","--","0.0","--","316","417","0.0","0.0","--","0","0","0","0:00","0.0","0:00","Ne","00:02.60","12","0.0","00:56:05","01:00:59","28","101"
Dvoranski biciklizam,2024-01-06 18:44:07,false,"Anaerobic","29.37","637","00:52:03","131","168","2.9","--","--","33.9","39.7","--","--","0.00","0.0","0.0","0","--","--","88","143","200","--","101.6","190","181","466","0.0","0.0","4626","0","0","0","0:00","0.0","0:00","Ne","00:03.36","14","0.0","00:52:01","00:58:13","--","--"
Trčanje,2024-01-04 16:00:48,false,"Porec Trčanje","10.69","673","00:46:30","157","179","4.0","172","180","4:21","3:48","101","101","1.33","7.4","9.9","235","--","4:19","--","--","378","--","0.0","--","369","549","0.0","0.0","--","0","0","0","0:00","0.0","0:00","Ne","02:57.49","11","0.0","00:46:26","00:47:05","3","48"
Trčanje,2024-01-01 15:39:07,false,"Hadzici Trčanje","7.91","434","00:46:27","105","148","2.1","160","180","5:52","4:33","263","261","1.08","8.8","9.2","265","--","5:17","--","--","323","--","0.0","--","298","495","0.0","0.0","--","0","0","0","0:00","0.0","0:00","Ne","01:46.27","9","0.0","00:45:51","00:50:32","547","707"
Trčanje,2023-12-29 16:24:31,false,"Tar-Vabriga Trčanje","6.73","440","00:36:32","140","165","2.9","165","178","5:26","4:21","72","67","1.10","8.5","9.3","260","--","5:21","--","--","303","--","0.0","--","297","496","0.0","0.0","--","0","0","0","0:00","0.0","0:00","Ne","03:57.31","7","0.0","00:36:29","00:42:24","5","35"
Trčanje,2023-12-28 16:06:44,false,"Porec - 6x1km","8.75","558","00:41:46","151","176","3.5","143","190","4:46","2:58","--","1","1.46","6.8","9.6","218","--","4:48","--","--","375","--","0.0","--","312","502","0.0","0.0","--","0","0","0","0:00","0.0","0:00","Ne","00:01.27","16","0.0","00:36:43","00:48:16","16","18"
Dvoranski biciklizam,2023-12-26 18:08:58,false,"Base","29.59","623","01:04:04","123","134","2.4","--","--","27.7","31.4","--","--","0.00","0.0","0.0","0","--","--","94","149","139","--","60.2","138","139","340","0.0","0.0","6030","0","0","0","0:00","0.0","0:00","Ne","00:04.15","7","0.0","01:04:02","01:08:24","--","--"
Trčanje,2023-12-26 13:44:05,false,"Porec Trčanje","7.45","470","00:38:48","135","146","2.8","170","182","5:12","4:19","63","60","1.13","8.2","9.3","253","--","5:10","--","--","313","--","0.0","--","308","466","0.0","0.0","--","0","0","0","0:00","0.0","0:00","Ne","02:09.98","8","0.0","00:38:44","00:47:14","4","26"
Trčanje,2023-12-24 15:07:12,false,"Porec Trčanje","11.33","709","00:54:05","145","172","3.3","170","182","4:46","3:42","78","79","1.22","7.9","9.6","245","--","4:45","--","--","341","--","0.0","--","337","507","0.0","0.0","--","0","0","0","0:00","0.0","0:00","Ne","01:17.07","12","0.0","00:53:57","01:08:57","2","13"
Trčanje,2023-12-23 11:01:53,false,"Porec Trčanje","5.08","303","00:19:02","173","182","3.6","176","189","3:45","3:12","9","9","1.51","6.7","10.1","214","--","3:45","--","--","417","--","0.0","--","414","529","0.0","0.0","--","0","0","0","0:00","0.0","0:00","Ne","00:16.56","6","0.0","00:18:59","00:19:02","2","8"
Trčanje,2023-12-21 13:20:22,false,"Rijeka Trčanje","7.97","506","00:39:44","144","165","3.2","169","199","4:59","4:05","113","105","1.18","8.1","9.4","250","--","4:52","--","--","335","--","0.0","--","328","508","0.0","0.0","--","0","0","0","0:00","0.0","0:00","Ne","04:33.67","8","0.0","00:39:33","00:46:02","29","131"
Trčanje,2023-12-19 19:51:47,false,"Rijeka Trčanje","6.69","440","00:34:07","147","173","3.1","168","182","5:06","4:13","147","145","1.16","8.2","9.4","253","--","4:55","--","--","353","--","0.0","--","328","551","0.0","0.0","--","0","0","0","0:00","0.0","0:00","Ne","03:26.70","7","0.0","00:33:59","00:36:55","107","230"
Trčanje,2023-12-17 10:59:59,false,"Piran Trčanje","7.10","434","00:27:28","172","183","4.0","175","186","3:52","3:10","5","6","1.47","6.9","10.1","219","--","3:52","--","--","409","--","0.0","--","406","511","0.0","0.0","--","0","0","0","0:00","0.0","0:00","Ne","00:22.18","8","0.0","00:27:25","00:27:28","2","7"
Trčanje,2023-12-15 11:42:22,false,"Rijeka Trčanje","10.43","647","00:51:14","140","154","3.2","171","218","4:55","4:18","65","94","1.19","8.0","9.4","247","--","4:55","--","--","322","--","0.0","--","319","467","0.0","0.0","--","0","0","0","0:00","0.0","0:00","Ne","02:19.95","11","0.0","00:51:00","01:12:21","5","117"
Trčanje,2023-12-13 14:38:33,false,"Rijeka - 400m","8.46","518","00:39:17","148","177","3.2","151","194","4:38","2:36","27","32","1.40","6.8","8.9","215","--","4:33","--","--","378","--","0.0","--","319","645","0.0","0.0","--","0","0","0","0:00","0.0","0:00","Ne","00:07.03","28","0.0","00:38:37","00:52:34","108","128"
Trčanje,2023-12-12 18:01:51,false,"Rijeka Trčanje","7.30","469","00:37:40","142","155","3.0","167","222","5:10","4:11","75","104","1.15","8.3","9.4","254","--","5:08","--","--","317","--","0.0","--","310","434","0.0","0.0","--","0","0","0","0:00","0.0","0:00","Ne","01:34.17","8","0.0","00:37:27","00:42:18","46","133"
Trčanje,2023-12-10 13:13:01,false,"Porec Trčanje","6.81","425","00:30:02","155","171","3.4","170","181","4:25","3:56","59","60","1.33","7.6","10.0","239","--","4:24","--","--","368","--","0.0","--","363","479","0.0","0.0","--","0","0","0","0:00","0.0","0:00","Ne","04:04.17","7","0.0","00:29:55","00:30:35","53","94"
Dvoranski biciklizam,2023-12-09 17:27:22,false,"VO2 Max","15.21","428","00:35:04","144","172","3.1","--","--","26.0","30.9","--","--","0.00","0.0","0.0","0","--","--","88","103","200","--","68.7","181","179","364","0.0","0.0","3125","0","0","0","0:00","0.0","0:00","Ne","01:32.19","10","0.0","00:35:00","00:44:36","--","--"
Trčanje,2023-12-07 17:09:23,false,"Rijeka Trčanje","5.01","325","00:25:54","141","164","2.7","168","178","5:10","4:22","97","106","1.14","8.3","9.4","254","--","5:02","--","--","332","--","0.0","--","321","460","0.0","0.0","--","0","0","0","0:00","0.0","0:00","Ne","00:02.84","6","0.0","00:25:52","00:26:27","106","184"
Trčanje,2023-12-06 13:22:45,false,"Rijeka Trčanje","5.00","318","00:25:22","139","165","2.7","166","186","5:04","3:46","81","97","1.18","8.2","9.6","252","--","4:59","--","--","332","--","0.0","--","322","463","0.0","0.0","--","0","0","0","0:00","0.0","0:00","Ne","00:02.80","6","0.0","00:25:15","00:26:59","49","133"
Dvoranski biciklizam,2023-12-03 13:37:27,false,"Dvoranski biciklizam","12.93","338","00:30:04","126","157","2.4","--","--","25.8","29.8","--","--","0.00","0.0","0.0","0","--","--","86","100","178","--","46.1","178","164","276","0.0","0.0","2580","0","0","0","0:00","0.0","0:00","Ne","00:15.45","4","0.0","00:29:41","00:30:04","--","--"
Dvoranski biciklizam,2023-12-02 16:37:32,false,"Dvoranski biciklizam","12.76","319","00:30:02","120","146","2.1","--","--","25.5","34.6","--","--","0.00","0.0","0.0","0","--","--","77","87","163","--","38.4","161","154","240","0.0","0.0","2318","0","0","0","0:00","0.0","0:00","Ne","06:54.46","3","0.0","00:29:57","00:30:21","--","--"
Terensko trčanje,2023-11-25 10:00:13,false,"Kastelir-Labinci Terensko trčanje","7.35","547","00:37:08","167","176","3.6","153","190","5:03","3:55","162","315","1.27","7.8","9.5","245","--","4:43","--","--","340","--","0.0","--","303","481","0.0","0.0","--","0","0","0","0:00","0.0","0:00","Ne","02:06.83","8","0.0","00:36:40","00:37:08","4","189"
Trčanje,2023-11-23 15:45:17,false,"Rijeka Trčanje","7.23","460","00:37:17","140","161","2.8","167","174","5:10","4:25","154","165","1.16","8.3","9.6","257","--","4:58","--","--","342","--","0.0","--","329","500","0.0","0.0","--","0","0","0","0:00","0.0","0:00","Ne","01:17.83","8","0.0","00:37:12","00:38:27","55","206"
Trčanje,2023-11-22 15:35:32,false,"Rijeka - 20min tempo","8.67","526","00:37:36","153","177","3.6","169","232","4:20","3:39","52","88","1.35","7.5","10.1","237","--","4:21","--","--","371","--","0.0","--","362","480","0.0","0.0","--","0","0","0","0:00","0.0","0:00","Ne","00:12.06","11","0.0","00:37:26","00:46:09","19","117"
Trčanje,2023-11-19 13:36:59,false,"Sveti Petar u Sumi Trčanje","3.43","230","00:18:43","141","152","2.2","165","170","5:28","5:01","37","46","1.11","8.7","9.6","265","--","5:26","--","--","305","--","0.0","--","299","433","0.0","0.0","--","0","0","0","0:00","0.0","0:00","Ne","02:15.90","4","0.0","00:18:42","00:19:28","325","349"
Trčanje,2023-11-19 12:59:53,false,"Sveti Petar u Sumi Trčanje","6.19","383","00:24:17","172","182","3.6","174","196","3:55","3:01","68","70","1.46","7.0","10.2","223","--","3:54","--","--","414","--","0.0","--","407","526","0.0","0.0","--","0","0","0","0:00","0.0","0:00","Ne","00:36.26","7","0.0","00:24:14","00:24:17","304","348"
Trčanje,2023-11-18 13:05:20,false,"Porec Trčanje","9.44","579","00:48:04","139","158","2.9","162","173","5:06","4:13","117","127","1.19","8.3","9.8","257","--","5:03","--","--","320","--","0.0","--","315","460","0.0","0.0","--","0","0","0","0:00","0.0","0:00","Ne","02:20.00","10","0.0","00:47:52","00:57:02","39","100"
Trčanje,2023-11-15 15:55:46,false,"Rijeka - progresivni suicid","9.02","598","00:44:25","151","181","3.5","128","206","4:56","2:33","13","19","1.54","6.5","9.6","216","--","4:56","--","--","369","--","0.0","--","295","571","0.0","0.0","--","0","0","0","0:00","0.0","0:00","Ne","00:28.83","36","0.0","00:36:20","00:51:17","113","122"
Trčanje,2023-11-14 09:42:17,false,"Rijeka - 20min tempo","7.80","483","00:34:58","152","172","3.4","169","176","4:29","3:44","52","75","1.31","7.7","9.9","241","--","4:29","--","--","361","--","0.0","--","352","471","0.0","0.0","--","0","0","0","0:00","0.0","0:00","Ne","00:32.91","10","0.0","00:34:49","00:40:50","22","116"
Trčanje,2023-11-12 10:59:58,false,"Medulin Trčanje","6.96","420","00:26:56","171","176","3.8","174","188","3:52","3:08","24","26","1.48","6.9","10.2","221","--","3:53","--","--","418","--","0.0","--","412","516","0.0","0.0","--","0","0","0","0:00","0.0","0:00","Ne","03:35.99","7","0.0","00:26:54","00:26:56","4","18"
Trčanje,2023-11-11 12:19:42,false,"Porec Trčanje","8.02","501","00:39:57","139","149","3.0","166","174","4:59","4:31","32","25","1.19","8.1","9.7","253","--","4:58","--","--","323","--","0.0","--","321","409","0.0","0.0","--","0","0","0","0:00","0.0","0:00","Ne","00:04.81","9","0.0","00:39:51","00:41:16","1","14"
Trčanje,2023-11-08 12:52:37,false,"Rijeka Trčanje","6.34","400","00:31:33","146","170","3.0","166","238","4:59","3:55","175","176","1.19","8.2","9.6","252","--","4:45","--","--","357","--","0.0","--","336","497","0.0","0.0","--","0","0","0","0:00","0.0","0:00","Ne","01:36.23","7","0.0","00:31:19","00:34:35","106","222"
Trčanje,2023-11-07 17:19:04,false,"Rijeka - 5x1km","8.66","520","00:40:09","149","175","3.3","149","208","4:38","3:04","7","7","1.44","7.0","9.6","222","--","4:41","--","--","390","--","0.0","--","331","545","0.0","0.0","--","0","0","0","0:00","0.0","0:00","Ne","00:04.42","15","0.0","00:38:30","00:50:12","111","114"
Trčanje,2023-11-05 14:38:21,false,"Porec Trčanje","5.01","304","00:23:43","141","160","2.8","169","174","4:44","3:12","43","43","1.24","7.9","9.7","246","--","4:43","--","--","339","--","0.0","--","337","474","0.0","0.0","--","0","0","0","0:00","0.0","0:00","Ne","00:03.79","6","0.0","00:23:39","00:24:26","54","93"
Trčanje,2023-11-04 13:40:05,false,"Tar-Vabriga Trčanje","14.01","835","01:11:27","133","168","3.1","163","186","5:06","3:20","111","105","1.18","8.3","9.7","256","--","5:06","--","--","320","--","0.0","--","314","551","0.0","0.0","--","0","0","0","0:00","0.0","0:00","Ne","00:03.70","15","0.0","01:10:59","01:39:04","3","36"
Trčanje,2023-11-01 13:36:40,false,"Rijeka - 400m","9.02","550","00:40:01","155","178","3.5","153","221","4:26","2:59","4","6","1.41","6.6","9.0","209","--","4:23","--","--","385","--","0.0","--","332","532","0.0","0.0","--","0","0","0","0:00","0.0","0:00","Ne","00:05.39","29","0.0","00:39:20","00:45:39","115","117"
Trčanje,2023-10-31 18:46:38,false,"Rijeka Trčanje","6.26","416","00:32:54","149","174","3.1","162","175","5:15","4:07","184","204","1.16","8.4","9.6","258","--","4:57","--","--","348","--","0.0","--","321","520","0.0","0.0","--","0","0","0","0:00","0.0","0:00","Ne","01:11.12","7","0.0","00:32:36","00:37:35","103","268"
Trčanje,2023-10-29 12:33:23,false,"Porec Trčanje","12.22","766","01:02:12","142","160","3.2","167","174","5:05","4:34","98","105","1.17","8.3","9.6","256","--","5:04","--","--","318","--","0.0","--","314","439","0.0","0.0","--","0","0","0","0:00","0.0","0:00","Ne","01:09.02","13","0.0","01:02:07","01:13:48","5","31"
Trčanje,2023-10-26 16:40:50,false,"Rijeka Trčanje","7.28","439","00:36:30","136","149","2.7","165","173","5:01","4:19","81","106","1.19","8.2","9.8","255","--","4:59","--","--","329","--","0.0","--","322","454","0.0","0.0","--","0","0","0","0:00","0.0","0:00","Ne","01:28.60","8","0.0","00:36:21","00:40:48","46","133"
Trčanje,2023-10-25 16:03:02,false,"Rijeka - 800m","7.34","450","00:33:31","153","178","3.4","142","192","4:34","3:01","18","24","1.54","6.5","9.6","209","--","4:34","--","--","390","--","0.0","--","322","504","0.0","0.0","--","0","0","0","0:00","0.0","0:00","Ne","00:02.42","15","0.0","00:30:58","00:34:53","115","122"
Trčanje,2023-10-24 08:47:29,false,"Rijeka Trčanje","7.02","450","00:34:54","149","173","3.2","166","174","4:58","4:09","167","166","1.20","8.2","9.8","254","--","4:49","--","--","353","--","0.0","--","337","476","0.0","0.0","--","0","0","0","0:00","0.0","0:00","Ne","00:08.21","8","0.0","00:34:50","00:37:34","93","231"
Trčanje,2023-10-21 11:26:11,false,"Porec Trčanje","6.01","378","00:29:08","145","160","3.0","166","171","4:51","4:10","53","55","1.23","8.1","9.9","252","--","4:49","--","--","335","--","0.0","--","332","427","0.0","0.0","--","0","0","0","0:00","0.0","0:00","Ne","00:05.13","7","0.0","00:29:07","00:29:24","54","95"
Trčanje,2023-10-18 18:14:00,false,"Rijeka - 5x1km","8.31","529","00:43:40","149","179","3.3","133","192","5:15","2:48","35","21","1.43","6.9","9.3","220","--","5:11","--","--","374","--","0.0","--","287","559","0.0","0.0","--","0","0","0","0:00","0.0","0:00","Ne","01:56.37","13","0.0","00:37:56","00:45:51","108","129"
Trčanje,2023-10-17 18:42:05,false,"Rijeka Trčanje","8.25","540","00:42:46","150","179","3.4","166","176","5:11","4:40","206","215","1.16","8.3","9.7","258","--","4:58","--","--","350","--","0.0","--","329","492","0.0","0.0","--","0","0","0","0:00","0.0","0:00","Ne","01:15.03","9","0.0","00:42:42","00:43:54","107","205"
Trčanje,2023-10-15 11:51:50,false,"Porec Trčanje","12.09","760","00:59:00","147","166","3.5","167","182","4:53","4:09","82","126","1.22","8.1","9.9","252","--","4:54","--","--","335","--","0.0","--","331","462","0.0","0.0","--","0","0","0","0:00","0.0","0:00","Ne","00:30.11","13","0.0","00:58:56","01:20:07","4","115"
Trčanje,2023-10-12 17:46:19,false,"Rijeka Trčanje","5.01","308","00:25:36","138","154","2.6","165","229","5:07","4:17","91","94","1.18","8.3","9.8","258","--","4:59","--","--","334","--","0.0","--","328","431","0.0","0.0","--","0","0","0","0:00","0.0","0:00","Ne","00:03.34","6","0.0","00:25:30","00:26:34","89","168"
Trčanje,2023-10-11 18:00:41,false,"Rijeka - 400m","9.06","586","00:47:11","149","184","3.4","134","210","5:13","2:26","5","9","1.41","6.9","9.0","221","--","5:12","--","--","362","--","0.0","--","279","606","0.0","0.0","--","0","0","0","0:00","0.0","0:00","Ne","00:10.24","28","0.0","00:43:38","00:49:45","113","122"
Trčanje,2023-10-10 06:13:39,false,"Rijeka Trčanje","7.19","439","00:35:14","145","171","3.2","165","176","4:54","4:07","159","164","1.23","8.1","10.0","255","--","4:48","--","--","358","--","0.0","--","337","527","0.0","0.0","--","0","0","0","0:00","0.0","0:00","Ne","00:56.46","8","0.0","00:35:09","00:39:13","107","156"
Trčanje,2023-10-07 10:05:41,false,"Porec Trčanje","4.02","263","00:20:51","145","155","2.7","167","173","5:11","4:44","47","44","1.15","8.4","9.6","258","--","5:08","--","--","320","--","0.0","--","314","407","0.0","0.0","--","0","0","0","0:00","0.0","0:00","Ne","00:06.63","5","0.0","00:20:49","00:20:57","92","138"
Trčanje,2023-10-05 16:51:44,false,"Rijeka - 5x1km","10.02","601","00:50:36","149","181","3.5","139","191","5:03","2:54","5","12","1.43","7.0","9.4","223","--","5:02","--","--","369","--","0.0","--","297","511","0.0","0.0","--","0","0","0","0:00","0.0","0:00","Ne","00:37.83","15","0.0","00:47:24","00:54:32","115","122"
Trčanje,2023-10-03 18:21:00,false,"Rijeka Trčanje","7.38","381","00:36:30","140","152","2.5","164","171","4:57","4:02","77","101","1.23","0.0","0.0","0","--","--","--","--","--","--","0.0","--","0","0","0.0","0.0","--","0","0","0","0:00","25.0","0:00","Ne","01:53.53","8","29.0","00:36:24","00:41:15","45","131"
Trčanje,2023-09-30 15:34:24,false,"Sveti Lovrec Trčanje","14.76","1,049","01:57:58","141","174","3.0","118","244","7:59","4:19","227","288","1.04","0.0","0.0","0","--","--","--","--","--","--","0.0","--","0","0","0.0","0.0","--","0","0","0","0:00","27.0","0:00","Ne","00:05.39","16","32.0","01:47:45","01:57:58","31","118"
Biciklizam,2023-09-30 11:05:50,false,"Gracisce Biciklizam","51.99","1,111","05:16:19","0","0","--","--","--","9.9","78.2","444","799","0.00","0.0","0.0","0","--","--","60","105","143","47 % L / 53 % D","267.5","129","65","591","0.0","0.0","6622","0","0","0","0:00","23.0","0:00","Ne","05:16:18.97","1","29.0","02:53:43","34:42:56","-35","350"
Trčanje,2023-09-30 09:21:19,false,"Pazin Trčanje","21.91","1,312","02:10:59","153","175","3.9","114","223","5:59","1:33","469","351","3.48","0.0","0.0","0","--","--","--","--","--","--","0.0","--","0","0","0.0","0.0","--","0","0","0","0:00","21.0","0:00","Ne","02:20.54","22","35.0","02:00:56","02:10:59","240","458"
Trčanje,2023-09-27 18:17:14,false,"Porec Trčanje","7.05","396","00:31:23","157","179","3.1","168","215","4:27","3:17","64","66","1.33","0.0","0.0","0","--","--","--","--","--","--","0.0","--","0","0","0.0","0.0","--","0","0","0","0:00","26.0","0:00","Ne","00:13.19","8","30.0","00:31:20","00:43:32","33","88"
Biciklizam,2023-09-25 18:12:11,false,"Porec Biciklizam","20.65","591","01:06:54","130","149","2.4","--","--","18.5","38.5","179","185","0.00","0.0","0.0","0","--","--","--","--","--","--","0.0","--","0","0","0.0","0.0","--","0","0","0","0:00","22.0","0:00","Ne","04:58.45","5","29.0","01:04:18","01:11:29","39","184"
Trčanje,2023-09-23 13:06:00,false,"Porec Trčanje","10.45","545","00:56:59","139","157","2.7","159","170","5:27","4:31","85","94","1.15","0.0","0.0","0","--","--","--","--","--","--","0.0","--","0","0","0.0","0.0","--","0","0","0","0:00","28.0","0:00","Ne","02:10.95","11","31.0","00:56:45","01:18:36","57","133"
Trčanje,2023-09-21 18:48:20,false,"Porec Trčanje","3.08","157","00:14:21","140","153","2.2","165","170","4:40","4:18","3","55","1.30","0.0","0.0","0","--","--","--","--","--","--","0.0","--","0","0","0.0","0.0","--","0","0","0","0:00","25.0","0:00","Ne","00:20.44","4","29.0","00:14:17","00:14:21","34","89"
Trčanje,2023-09-20 18:20:00,false,"Kastelir-Labinci Trčanje","6.81","560","00:42:48","161","181","4.0","158","189","6:17","4:37","307","308","1.01","0.0","0.0","0","--","--","--","--","--","--","0.0","--","0","0","0.0","0.0","--","0","0","0","0:00","27.0","0:00","Ne","04:55.42","7","31.0","00:42:42","00:44:33","9","169"
Biciklizam,2023-09-19 18:34:23,false,"Porec Biciklizam","20.79","635","01:00:40","0","0","--","--","--","20.6","43.4","237","243","0.00","0.0","0.0","0","--","--","--","--","--","--","0.0","--","0","0","0.0","0.0","--","0","0","0","0:00","20.0","0:00","Ne","01:00:40.06","1","29.0","01:00:08","01:02:21","4","97"
Trčanje,2023-09-15 19:22:19,false,"Tinjan Trčanje","6.70","374","00:36:42","137","151","2.3","163","171","5:29","4:25","76","70","1.12","0.0","0.0","0","--","--","--","--","--","--","0.0","--","0","0","0.0","0.0","--","0","0","0","0:00","24.0","0:00","Ne","04:17.36","7","29.0","00:36:40","00:37:41","257","320"
Trčanje,2023-09-14 19:17:32,false,"Porec Trčanje","7.15","419","00:40:34","139","148","2.3","163","170","5:40","5:05","55","61","1.08","0.0","0.0","0","--","--","--","--","--","--","0.0","--","0","0","0.0","0.0","--","0","0","0","0:00","27.0","0:00","Ne","00:52.13","8","31.0","00:40:31","00:42:23","81","133"
Trčanje,2023-09-12 18:58:27,false,"Porec Trčanje","3.38","176","00:18:05","129","141","1.8","164","168","5:21","4:28","8","60","1.14","0.0","0.0","0","--","--","--","--","--","--","0.0","--","0","0","0.0","0.0","--","0","0","0","0:00","26.0","0:00","Ne","02:00.67","4","30.0","00:18:05","00:18:05","36","89"
Trčanje,2023-09-09 09:00:16,false,"Moscenicka Draga Trčanje","30.92","2,545","04:34:04","154","174","4.2","128","245","8:52","4:25","1,413","1,408","0.87","0.0","0.0","0","--","--","--","--","--","--","0.0","--","0","0","0.0","0.0","--","0","0","0","0:00","26.0","0:00","Ne","05:27.55","31","35.0","04:29:42","04:34:20","13","1,016"
Trčanje,2023-09-08 19:59:11,false,"Porec Trčanje","4.01","252","00:23:14","137","148","2.1","161","168","5:48","4:39","45","43","1.07","0.0","0.0","0","--","--","--","--","--","--","0.0","--","0","0","0.0","0.0","--","0","0","0","0:00","26.0","0:00","Ne","00:03.53","5","31.0","00:23:11","00:23:38","84","130"
Trčanje,2023-09-05 19:20:38,false,"Porec Trčanje","6.46","355","00:36:45","130","145","2.0","162","170","5:41","4:24","61","63","1.08","0.0","0.0","0","--","--","--","--","--","--","0.0","--","0","0","0.0","0.0","--","0","0","0","0:00","23.0","0:00","Ne","02:42.36","7","29.0","00:36:43","01:06:08","32","88"
Trčanje,2023-09-03 19:38:36,false,"Porec Trčanje","6.07","397","00:31:54","147","158","2.9","165","170","5:15","4:19","98","21","1.16","0.0","0.0","0","--","--","--","--","--","--","0.0","--","0","0","0.0","0.0","--","0","0","0","0:00","25.0","0:00","Ne","00:20.12","7","28.0","00:31:50","00:32:02","6","87"
Trčanje,2023-09-03 18:08:07,false,"Porec Trčanje","6.30","375","00:29:23","148","161","3.0","166","174","4:40","4:05","20","104","1.29","0.0","0.0","0","--","--","--","--","--","--","0.0","--","0","0","0.0","0.0","--","0","0","0","0:00","28.0","0:00","Ne","01:27.32","7","31.0","00:29:20","00:29:36","1","90"
Trčanje,2023-08-31 19:42:59,false,"Porec Trčanje","5.02","294","00:22:27","152","172","3.1","166","171","4:29","4:03","42","46","1.35","0.0","0.0","0","--","--","--","--","--","--","0.0","--","0","0","0.0","0.0","--","0","0","0","0:00","24.0","0:00","Ne","00:04.95","6","31.0","00:22:22","00:22:37","48","88"
Trčanje,2023-08-29 19:20:04,false,"Porec Trčanje","6.81","377","00:28:06","160","175","3.2","168","180","4:08","3:30","70","67","1.44","0.0","0.0","0","--","--","--","--","--","--","0.0","--","0","0","0.0","0.0","--","0","0","0","0:00","23.0","0:00","Ne","03:15.91","7","30.0","00:28:04","00:46:21","31","103"
Trčanje,2023-08-27 19:21:04,false,"Porec Trčanje","13.01","837","01:07:05","154","167","3.5","165","176","5:09","4:12","122","127","1.17","0.0","0.0","0","--","--","--","--","--","--","0.0","--","0","0","0.0","0.0","--","0","0","0","0:00","29.0","0:00","Ne","00:04.11","14","31.0","01:06:59","01:11:25","3","107"
Biciklizam,2023-08-26 19:06:23,false,"Porec Biciklizam","20.73","622","01:00:01","0","0","--","--","--","20.7","42.4","214","218","0.00","0.0","0.0","0","--","--","--","--","--","--","0.0","--","0","0","0.0","0.0","--","0","0","0","0:00","23.0","0:00","Ne","01:00:01.10","1","27.0","00:59:49","01:11:44","62","202"
Trčanje,2023-08-24 19:52:12,false,"Porec Trčanje","8.70","552","00:44:04","150","161","3.2","164","172","5:04","4:13","68","72","1.20","0.0","0.0","0","--","--","--","--","--","--","0.0","--","0","0","0.0","0.0","--","0","0","0","0:00","30.0","0:00","Ne","03:32.42","9","33.0","00:43:59","00:45:27","84","128"
Trčanje,2023-08-22 19:12:31,false,"Porec Trčanje","7.13","440","00:35:55","145","159","2.6","164","170","5:02","4:24","64","65","1.21","0.0","0.0","0","--","--","--","--","--","--","0.0","--","0","0","0.0","0.0","--","0","0","0","0:00","29.0","0:00","Ne","00:39.12","8","32.0","00:35:52","01:19:28","34","89"
Biciklizam,2023-08-19 22:02:37,false,"Bale Biciklizam","22.96","757","01:06:12","0","0","--","--","--","20.8","41.4","271","263","0.00","0.0","0.0","0","--","--","--","--","--","--","0.0","--","0","0","0.0","0.0","--","0","0","0","0:00","22.0","0:00","Ne","01:06:11.68","1","25.0","01:05:50","01:07:04","124","147"
Biciklizam,2023-08-19 21:17:47,false,"Bale Biciklizam","6.61","192","00:24:28","0","0","--","--","--","16.2","33.6","78","80","0.00","0.0","0.0","0","--","--","--","--","--","--","0.0","--","0","0","0.0","0.0","--","0","0","0","0:00","22.0","0:00","Ne","24:28.44","1","23.0","00:23:44","00:26:44","125","147"
Biciklizam,2023-08-18 19:20:50,false,"Porec Biciklizam","16.60","481","00:49:04","0","0","--","--","--","20.3","39.6","149","151","0.00","0.0","0.0","0","--","--","--","--","--","--","0.0","--","0","0","0.0","0.0","--","0","0","0","0:00","23.0","0:00","Ne","49:04.15","1","32.0","00:48:45","01:13:14","-8","98"
Trčanje,2023-08-13 19:18:44,false,"Porec Trčanje","16.00","905","01:20:36","148","159","3.2","165","172","5:02","4:28","142","139","1.20","0.0","0.0","0","--","--","--","--","--","--","0.0","--","0","0","0.0","0.0","--","0","0","0","0:00","29.0","0:00","Ne","00:00.70","17","32.0","01:20:30","01:23:48","50","188"
Biciklizam,2023-08-12 19:20:29,false,"Porec Biciklizam","22.07","655","00:59:39","0","0","--","--","--","22.2","38.8","189","191","0.00","0.0","0.0","0","--","--","--","--","--","--","0.0","--","0","0","0.0","0.0","--","0","0","0","0:00","20.0","0:00","Ne","59:38.57","1","24.0","00:59:03","01:01:41","36","187"
Trčanje,2023-08-10 19:54:23,false,"Porec Trčanje","7.00","411","00:32:28","148","168","2.6","168","222","4:38","4:04","66","66","1.29","0.0","0.0","0","--","--","--","--","--","--","0.0","--","0","0","0.0","0.0","--","0","0","0","0:00","24.0","0:00","Ne","00:02.92","8","29.0","00:32:25","01:02:46","32","88"
Biciklizam,2023-08-09 19:19:53,false,"Porec Biciklizam","19.23","556","00:56:08","0","0","--","--","--","20.6","37.8","184","187","0.00","0.0","0.0","0","--","--","--","--","--","--","0.0","--","0","0","0.0","0.0","--","0","0","0","0:00","18.0","0:00","Ne","56:07.100","1","22.0","00:55:53","01:01:22","-22","80"
Trčanje,2023-08-08 19:59:14,false,"Porec Trčanje","8.77","495","00:39:54","150","165","3.2","165","173","4:33","3:57","72","77","1.34","0.0","0.0","0","--","--","--","--","--","--","0.0","--","0","0","0.0","0.0","--","0","0","0","0:00","25.0","0:00","Ne","03:22.33","9","30.0","00:39:48","00:43:02","86","131"
Trčanje,2023-08-06 15:49:09,false,"Porec Trčanje","15.52","885","01:14:21","150","164","3.3","167","173","4:47","3:54","122","131","1.25","0.0","0.0","0","--","--","--","--","--","--","0.0","--","0","0","0.0","0.0","--","0","0","0","0:00","24.0","0:00","Ne","02:21.41","16","30.0","01:14:12","01:16:36","-1","88"
Biciklizam,2023-08-05 19:00:02,false,"Porec Biciklizam","17.32","522","00:48:56","0","0","--","--","--","21.2","37.4","168","170","0.00","0.0","0.0","0","--","--","--","--","--","--","0.0","--","0","0","0.0","0.0","--","0","0","0","0:00","18.0","0:00","Ne","48:56.07","1","29.0","00:48:39","01:30:09","1","110"
Trčanje,2023-08-03 20:14:56,false,"Tinjan Trčanje","7.41","418","00:36:32","142","159","2.9","165","171","4:56","4:10","77","78","1.23","0.0","0.0","0","--","--","--","--","--","--","0.0","--","0","0","0.0","0.0","--","0","0","0","0:00","29.0","0:00","Ne","02:09.17","8","31.0","00:36:29","00:38:25","258","318"
Biciklizam,2023-08-02 19:12:20,false,"Porec Biciklizam","24.32","750","01:12:14","0","0","--","--","--","20.2","45.1","271","268","0.00","0.0","0.0","0","--","--","72","101","218","49 % L / 51 % D","184.4","200","174","654","0.0","0.0","4671","0","0","0","0:00","21.0","0:00","Ne","01:12:14.06","1","29.0","01:10:16","01:13:56","55","228"
Trčanje,2023-08-01 20:32:10,false,"Porec Trčanje","7.21","420","00:33:26","150","170","3.3","167","177","4:38","4:00","73","81","1.29","0.0","0.0","0","--","--","--","--","--","--","0.0","--","0","0","0.0","0.0","--","0","0","0","0:00","28.0","0:00","Ne","01:06.91","8","32.0","00:33:24","00:33:41","45","88"
Trčanje,2023-07-30 19:02:47,false,"Porec Trčanje","13.01","748","01:05:21","145","157","2.9","166","173","5:01","4:12","133","132","1.20","0.0","0.0","0","--","--","--","--","--","--","0.0","--","0","0","0.0","0.0","--","0","0","0","0:00","26.0","0:00","Ne","00:04.89","14","31.0","01:05:15","01:53:51","28","107"
Biciklizam,2023-07-29 16:51:25,false,"Porec Biciklizam","16.48","465","00:45:45","0","0","--","--","--","21.6","36.9","140","136","0.00","0.0","0.0","0","--","--","--","--","--","--","0.0","--","0","0","0.0","0.0","--","0","0","0","0:00","27.0","0:00","Ne","45:45.27","1","30.0","00:45:26","00:47:02","58","194"
Trčanje,2023-07-27 19:56:44,false,"Porec Trčanje","7.02","354","00:33:49","138","164","2.4","167","176","4:49","4:12","71","75","1.24","0.0","0.0","0","--","--","--","--","--","--","0.0","--","0","0","0.0","0.0","--","0","0","0","0:00","23.0","0:00","Ne","00:05.77","8","30.0","00:33:46","01:10:08","33","104"
Biciklizam,2023-07-26 18:48:05,false,"Porec Biciklizam","24.72","663","01:15:38","0","0","--","--","--","19.6","40.7","189","203","0.00","0.0","0.0","0","--","--","--","--","--","--","0.0","--","0","0","0.0","0.0","--","0","0","0","0:00","18.0","0:00","Ne","01:15:37.79","1","24.0","01:13:03","01:24:26","57","183"
Trčanje,2023-07-25 20:23:24,false,"Porec Trčanje","7.03","380","00:34:26","144","164","3.0","168","173","4:54","4:18","74","71","1.21","0.0","0.0","0","--","--","--","--","--","--","0.0","--","0","0","0.0","0.0","--","0","0","0","0:00","27.0","0:00","Ne","00:12.17","8","30.0","00:34:23","00:34:49","37","111"
Trčanje,2023-07-23 12:40:48,false,"Porec Trčanje","11.60","707","00:59:24","155","171","3.6","167","175","5:07","4:13","127","151","1.17","0.0","0.0","0","--","--","--","--","--","--","0.0","--","0","0","0.0","0.0","--","0","0","0","0:00","33.0","0:00","Ne","03:17.69","12","35.0","00:59:17","01:07:49","0","95"
Trčanje,2023-07-20 20:04:51,false,"Porec Trčanje","7.02","416","00:35:09","143","153","2.3","168","173","5:00","4:16","73","75","1.19","0.0","0.0","0","--","--","--","--","--","--","0.0","--","0","0","0.0","0.0","--","0","0","0","0:00","27.0","0:00","Ne","00:05.78","8","31.0","00:35:07","01:36:54","34","104"
Biciklizam,2023-07-19 18:13:08,false,"Vizinada Biciklizam","38.06","1,192","02:05:49","0","0","--","--","--","18.2","61.0","665","664","0.00","0.0","0.0","0","--","--","70","105","192","48 % L / 52 % D","235.1","207","155","495","0.0","0.0","7189","0","0","0","0:00","25.0","0:00","Ne","02:05:48.65","1","30.0","02:02:40","02:10:36","30","286"
Terensko trčanje,2023-07-18 22:06:03,false,"Porec Terensko trčanje","1.41","73","01:40:39","76","96","0.1","--","--","--","8:28","2","6","0.00","0.0","0.0","0","--","--","--","--","--","--","0.0","--","0","0","0.0","0.0","--","0","0","0","0:00","28.0","0:00","Ne","00:08.14","4","30.0","00:06:23","01:40:46","-17","56"
Trčanje,2023-07-18 19:45:33,false,"Porec Trčanje","6.47","373","00:34:19","139","157","2.4","168","175","5:18","4:33","70","78","1.12","0.0","0.0","0","--","--","--","--","--","--","0.0","--","0","0","0.0","0.0","--","0","0","0","0:00","30.0","0:00","Ne","02:28.32","7","31.0","00:34:16","00:34:41","51","132"
Trčanje,2023-07-16 20:11:24,false,"Porec Trčanje","3.37","200","00:16:59","140","152","2.2","168","175","5:02","3:59","9","60","1.18","0.0","0.0","0","--","--","--","--","--","--","0.0","--","0","0","0.0","0.0","--","0","0","0","0:00","29.0","0:00","Ne","01:49.08","4","31.0","00:16:59","00:17:42","35","90"
Trčanje,2023-07-14 20:00:08,false,"Bale Trčanje","7.90","515","00:32:38","176","182","4.2","174","190","4:08","3:23","101","100","1.39","0.0","0.0","0","--","--","--","--","--","--","0.0","--","0","0","0.0","0.0","--","0","0","0","0:00","28.0","0:00","Ne","03:23.53","8","30.0","00:32:35","00:32:38","3","59"
Biciklizam,2023-07-13 18:39:17,false,"Porec Biciklizam","28.99","839","01:25:20","0","0","--","--","--","20.4","44.0","295","300","0.00","0.0","0.0","0","--","--","--","--","--","--","0.0","--","0","0","0.0","0.0","--","0","0","0","0:00","25.0","0:00","Ne","01:25:20.42","1","27.0","01:24:40","01:29:41","44","229"
Trčanje,2023-07-11 18:21:21,false,"Porec - 400m","9.69","601","00:51:26","150","179","3.0","136","200","5:19","3:00","43","45","1.34","0.0","0.0","0","--","--","--","--","--","--","0.0","--","0","0","0.0","0.0","--","0","0","0","0:00","32.0","0:00","Ne","00:08.24","29","34.0","00:48:19","00:55:30","13","21"
Terensko trčanje,2023-07-09 19:07:42,false,"Vrsar Terensko trčanje","14.73","875","01:19:25","150","171","3.2","163","184","5:24","3:53","272","257","1.14","0.0","0.0","0","--","--","--","--","--","--","0.0","--","0","0","0.0","0.0","--","0","0","0","0:00","28.0","0:00","Ne","03:46.77","15","34.0","01:19:17","01:29:01","8","118"
Trčanje,2023-07-07 18:44:22,false,"Porec Trčanje","4.73","280","00:24:43","140","147","2.2","167","173","5:13","4:15","47","48","1.15","0.0","0.0","0","--","--","--","--","--","--","0.0","--","0","0","0.0","0.0","--","0","0","0","0:00","28.0","0:00","Ne","03:42.79","5","30.0","00:24:40","00:24:47","86","130"
Trčanje,2023-07-06 19:41:28,false,"Porec Trčanje","12.18","702","00:55:58","151","173","3.2","168","176","4:36","3:58","117","125","1.30","0.0","0.0","0","--","--","--","--","--","--","0.0","--","0","0","0.0","0.0","--","0","0","0","0:00","24.0","0:00","Ne","00:53.54","13","29.0","00:55:52","01:12:21","-0","91"
Terensko trčanje,2023-07-01 10:00:16,false,"Delnice Terensko trčanje","30.04","2,095","04:17:00","152","183","4.6","122","249","8:33","4:04","1,640","1,621","0.94","0.0","0.0","0","--","--","--","--","--","--","0.0","--","0","0","0.0","0.0","--","0","0","0","0:00","18.0","0:00","Ne","00:09.73","31","29.0","04:09:19","04:17:01","682","1,502"
Trčanje,2023-06-29 19:25:44,false,"Rijeka Trčanje","6.05","348","00:30:02","144","167","2.4","167","176","4:58","3:34","107","98","1.21","0.0","0.0","0","--","--","--","--","--","--","0.0","--","0","0","0.0","0.0","--","0","0","0","0:00","28.0","0:00","Ne","00:16.32","7","31.0","00:29:57","00:32:56","89","185"
Trčanje,2023-06-27 19:00:00,false,"Porec Trčanje","6.14","355","00:30:20","144","156","2.6","168","175","4:56","4:22","56","56","1.20","0.0","0.0","0","--","--","--","--","--","--","0.0","--","0","0","0.0","0.0","--","0","0","0","0:00","29.0","0:00","Ne","00:39.57","7","31.0","00:30:18","00:31:05","88","132"
Terensko trčanje,2023-06-25 19:14:35,false,"Kastelir-Labinci Terensko trčanje","13.41","808","01:12:16","148","172","3.0","162","175","5:23","4:08","308","295","1.14","0.0","0.0","0","--","--","--","--","--","--","0.0","--","0","0","0.0","0.0","--","0","0","0","0:00","27.0","0:00","Ne","02:11.43","14","32.0","01:12:03","01:26:35","4","234"
Trčanje,2023-06-24 19:24:32,false,"Porec Trčanje","9.52","556","00:49:40","144","153","2.5","166","177","5:13","4:09","93","95","1.15","0.0","0.0","0","--","--","--","--","--","--","0.0","--","0","0","0.0","0.0","--","0","0","0","0:00","28.0","0:00","Ne","02:39.89","10","30.0","00:49:37","00:50:42","32","112"
Trčanje,2023-06-22 19:36:06,false,"Tar-Vabriga Trčanje","5.02","360","00:30:02","148","177","3.1","162","179","5:59","4:50","193","75","1.03","0.0","0.0","0","--","--","--","--","--","--","0.0","--","0","0","0.0","0.0","--","0","0","0","0:00","29.0","0:00","Ne","00:10.57","6","31.0","00:29:53","00:49:03","9","72"
Trčanje,2023-06-20 19:20:36,false,"Porec Trčanje","7.66","461","00:38:22","147","156","2.8","169","176","5:00","4:30","68","70","1.18","0.0","0.0","0","--","--","--","--","--","--","0.0","--","0","0","0.0","0.0","--","0","0","0","0:00","29.0","0:00","Ne","03:09.38","8","32.0","00:38:19","00:39:42","88","135"
Trčanje,2023-06-18 18:42:23,false,"Porec Trčanje","10.04","606","00:53:14","144","165","2.7","165","175","5:18","4:40","122","120","1.14","0.0","0.0","0","--","--","--","--","--","--","0.0","--","0","0","0.0","0.0","--","0","0","0","0:00","27.0","0:00","Ne","00:11.28","11","31.0","00:53:01","00:59:58","28","90"
Terensko trčanje,2023-06-15 17:12:47,false,"Jelenje Terensko trčanje","18.09","1,551","02:53:31","143","174","3.2","109","247","9:35","3:47","1,192","1,148","0.94","0.0","0.0","0","--","--","--","--","--","--","0.0","--","0","0","0.0","0.0","--","0","0","0","0:00","16.0","0:00","Ne","00:29.84","19","30.0","02:34:54","03:22:12","303","1,346"
Trčanje,2023-06-13 19:47:38,false,"Rijeka Trčanje","8.65","493","00:42:05","150","178","3.1","169","188","4:52","3:57","189","186","1.22","0.0","0.0","0","--","--","--","--","--","--","0.0","--","0","0","0.0","0.0","--","0","0","0","0:00","26.0","0:00","Ne","03:24.29","9","28.0","00:42:01","00:46:44","106","158"
Terensko trčanje,2023-06-11 13:06:33,false,"Groznjan Terensko trčanje","14.34","962","01:25:37","153","176","3.4","160","186","5:58","4:16","376","391","1.04","0.0","0.0","0","--","--","--","--","--","--","0.0","--","0","0","0.0","0.0","--","0","0","0","0:00","29.0","0:00","Ne","01:47.82","15","34.0","01:25:24","01:45:48","9","372"
Trčanje,2023-06-08 18:56:44,false,"Porec Trčanje","10.48","610","00:54:01","144","153","2.5","169","180","5:09","4:11","107","110","1.15","0.0","0.0","0","--","--","--","--","--","--","0.0","--","0","0","0.0","0.0","--","0","0","0","0:00","27.0","0:00","Ne","02:34.51","11","29.0","00:53:54","00:55:50","1","90"
Trčanje,2023-06-07 19:35:14,false,"Rijeka Trčanje","7.86","473","00:40:30","147","164","2.8","169","179","5:09","4:18","153","144","1.15","0.0","0.0","0","--","--","--","--","--","--","0.0","--","0","0","0.0","0.0","--","0","0","0","0:00","26.0","0:00","Ne","04:09.10","8","28.0","00:40:24","00:42:39","107","229"
Trčanje,2023-06-06 12:59:27,false,"Rijeka Trčanje","12.46","719","01:02:32","144","161","2.9","168","207","5:01","4:13","85","115","1.18","0.0","0.0","0","--","--","--","--","--","--","0.0","--","0","0","0.0","0.0","--","0","0","0","0:00","27.0","0:00","Ne","02:26.20","13","31.0","01:02:21","01:09:25","13","111"
Terensko trčanje,2023-06-03 09:45:50,false,"Rijeka Terensko trčanje","9.62","858","00:57:45","170","188","4.4","155","227","6:00","3:23","406","140","1.07","0.0","0.0","0","--","--","--","--","--","--","0.0","--","0","0","0.0","0.0","--","0","0","0","0:00","25.0","0:00","Ne","03:10.63","10","30.0","00:57:18","00:57:47","43","298"
Trčanje,2023-06-01 11:52:30,false,"Rijeka Trčanje","7.35","410","00:33:27","152","180","2.8","158","192","4:33","2:19","39","27","1.37","0.0","0.0","0","--","--","--","--","--","--","0.0","--","0","0","0.0","0.0","--","0","0","0","0:00","28.0","0:00","Ne","00:00.62","16","31.0","00:32:36","00:49:08","110","122"
Trčanje,2023-05-31 13:56:08,false,"Rijeka Trčanje","8.14","471","00:42:30","143","164","2.3","167","175","5:13","4:15","141","131","1.15","0.0","0.0","0","--","--","--","--","--","--","0.0","--","0","0","0.0","0.0","--","0","0","0","0:00","28.0","0:00","Ne","00:51.92","9","32.0","00:42:19","00:48:24","-1","185"
Terensko trčanje,2023-05-28 09:00:54,false,"Stubicke Toplice Terensko trčanje","31.04","2,017","03:24:41","153","168","3.5","145","234","6:36","3:41","1,347","1,348","1.01","0.0","0.0","0","--","--","--","--","--","--","0.0","--","0","0","0.0","0.0","--","0","0","0","0:00","18.0","0:00","Ne","00:16.30","32","31.0","03:21:36","03:24:41","570","1,040"
Terensko trčanje,2023-05-27 12:54:13,false,"Porec Terensko trčanje","4.71","290","00:24:08","146","158","2.5","166","173","5:08","4:21","45","47","1.18","0.0","0.0","0","--","--","--","--","--","--","0.0","--","0","0","0.0","0.0","--","0","0","0","0:00","29.0","0:00","Ne","03:35.75","5","33.0","00:24:03","00:26:05","85","133"
Trčanje,2023-05-25 13:13:37,false,"Kastav Trčanje","13.07","862","01:20:51","145","161","2.9","159","185","6:11","4:06","303","281","1.02","0.0","0.0","0","--","--","--","--","--","--","0.0","--","0","0","0.0","0.0","--","0","0","0","0:00","27.0","0:00","Ne","00:23.40","14","32.0","01:19:58","01:38:58","321","497"
Trčanje,2023-05-23 12:37:37,false,"Rijeka - tempo 6km","9.73","562","00:43:13","158","179","3.6","170","195","4:26","3:44","63","87","1.32","0.0","0.0","0","--","--","--","--","--","--","0.0","--","0","0","0.0","0.0","--","0","0","0","0:00","27.0","0:00","Ne","00:03.43","11","31.0","00:43:11","00:50:26","22","111"
Trčanje,2023-05-21 13:26:49,false,"Rijeka Trčanje","20.31","1,203","01:52:53","151","175","3.5","165","229","5:33","4:23","413","404","1.09","0.0","0.0","0","--","--","--","--","--","--","0.0","--","0","0","0.0","0.0","--","0","0","0","0:00","28.0","0:00","Ne","01:33.16","21","34.0","01:52:32","02:10:04","106","354"
Trčanje,2023-05-20 13:34:53,false,"Rijeka Trčanje","7.52","468","00:40:09","146","165","2.6","168","176","5:20","4:30","154","141","1.11","0.0","0.0","0","--","--","--","--","--","--","0.0","--","0","0","0.0","0.0","--","0","0","0","0:00","25.0","0:00","Ne","02:38.78","8","30.0","00:40:01","00:42:34","105","227"
Trčanje,2023-05-18 12:29:53,false,"Rijeka Trčanje","13.71","871","01:10:14","153","178","3.4","168","183","5:07","3:50","319","308","1.16","0.0","0.0","0","--","--","--","--","--","--","0.0","--","0","0","0.0","0.0","--","0","0","0","0:00","23.0","0:00","Ne","03:38.65","14","29.0","01:10:05","01:33:07","106","355"
Trčanje,2023-05-17 20:12:16,false,"Rijeka Trčanje","5.00","311","00:26:04","143","159","2.3","166","175","5:13","4:09","91","94","1.15","0.0","0.0","0","--","--","--","--","--","--","0.0","--","0","0","0.0","0.0","--","0","0","0","0:00","19.0","0:00","Ne","00:00.95","6","25.0","00:26:02","00:27:07","86","166"
Trčanje,2023-05-16 13:05:45,false,"Porec - tempo 6km","10.01","589","00:45:41","154","176","3.2","167","178","4:34","3:49","74","81","1.31","0.0","0.0","0","--","--","--","--","--","--","0.0","--","0","0","0.0","0.0","--","0","0","0","0:00","20.0","0:00","Ne","00:03.81","11","26.0","00:45:32","00:51:03","85","152"
Trčanje,2023-05-12 18:29:47,false,"Umag Trčanje","7.71","475","00:30:32","172","182","3.8","173","190","3:58","3:13","23","23","1.46","0.0","0.0","0","--","--","--","--","--","--","0.0","--","0","0","0.0","0.0","--","0","0","0","0:00","21.0","0:00","Ne","02:54.87","8","25.0","00:30:29","00:30:32","2","10"
Trčanje,2023-05-11 18:20:01,false,"Umag Trčanje","6.69","374","00:33:28","137","156","2.2","165","175","5:00","4:00","44","44","1.21","0.0","0.0","0","--","--","--","--","--","--","0.0","--","0","0","0.0","0.0","--","0","0","0","0:00","21.0","0:00","Ne","03:09.48","7","25.0","00:33:19","00:39:39","-1","20"
Trčanje,2023-05-09 20:37:04,false,"Umag - Progresije 1","9.01","512","00:44:06","148","172","2.9","149","193","4:54","2:57","18","16","1.34","0.0","0.0","0","--","--","--","--","--","--","0.0","--","0","0","0.0","0.0","--","0","0","0","0:00","19.0","0:00","Ne","00:00.61","24","25.0","00:42:10","00:48:11","9","14"
Trčanje,2023-05-07 13:00:31,false,"Ljubljana Trčanje","25.15","1,500","02:05:01","154","164","3.2","168","178","4:58","4:27","105","40","1.20","0.0","0.0","0","--","--","--","--","--","--","0.0","--","0","0","0.0","0.0","--","0","0","0","0:00","29.0","0:00","Ne","00:43.92","26","34.0","02:04:23","02:05:01","280","357"
Trčanje,2023-05-04 12:27:58,false,"Rijeka Trčanje","10.21","665","01:02:50","144","173","2.7","154","195","6:09","3:02","337","367","1.05","0.0","0.0","0","--","--","--","--","--","--","0.0","--","0","0","0.0","0.0","--","0","0","0","0:00","24.0","0:00","Ne","00:00.89","20","32.0","01:02:05","01:24:32","9","228"
Trčanje,2023-05-03 20:17:52,false,"Rijeka Trčanje","5.00","293","00:25:33","141","157","2.2","167","173","5:06","4:08","88","87","1.17","0.0","0.0","0","--","--","--","--","--","--","0.0","--","0","0","0.0","0.0","--","0","0","0","0:00","20.0","0:00","Ne","04:40.91","5","24.0","00:25:30","00:26:16","94","171"
Trčanje,2023-05-02 12:36:30,false,"Porec Trčanje","10.01","576","00:44:19","156","173","3.5","170","180","4:26","3:39","40","48","1.32","0.0","0.0","0","--","--","--","--","--","--","0.0","--","0","0","0.0","0.0","--","0","0","0","0:00","20.0","0:00","Ne","00:02.08","12","25.0","00:44:15","00:47:08","3","18"
Trčanje,2023-04-30 18:11:30,false,"Kastelir-Labinci Trčanje","15.40","858","01:25:39","142","168","2.6","161","240","5:34","4:12","326","330","1.12","0.0","0.0","0","--","--","--","--","--","--","0.0","--","0","0","0.0","0.0","--","0","0","0","0:00","22.0","0:00","Ne","02:04.16","16","28.0","01:25:22","01:43:37","5","204"
Trčanje,2023-04-29 12:19:11,false,"Porec Trčanje","6.48","347","00:33:08","136","149","2.1","166","226","5:07","4:21","74","79","1.18","0.0","0.0","0","--","--","--","--","--","--","0.0","--","0","0","0.0","0.0","--","0","0","0","0:00","22.0","0:00","Ne","02:30.51","7","28.0","00:33:04","00:34:00","51","132"
Trčanje,2023-04-27 12:17:36,false,"Rijeka Trčanje","9.26","573","00:43:42","160","184","3.4","152","194","4:43","3:06","52","45","1.34","0.0","0.0","0","--","--","--","--","--","--","0.0","--","0","0","0.0","0.0","--","0","0","0","0:00","23.0","0:00","Ne","00:01.17","19","28.0","00:40:40","00:47:08","115","124"
Trčanje,2023-04-26 12:39:15,false,"Rijeka Trčanje","5.02","293","00:25:37","143","158","2.3","169","179","5:06","4:16","90","95","1.16","0.0","0.0","0","--","--","--","--","--","--","0.0","--","0","0","0.0","0.0","--","0","0","0","0:00","21.0","0:00","Ne","00:05.60","6","26.0","00:25:35","00:26:13","88","157"
Trčanje,2023-04-25 12:55:26,false,"Rijeka Trčanje","10.01","646","00:44:46","171","201","4.4","172","256","4:28","3:21","100","114","1.30","0.0","10.9","228","--","--","--","--","--","--","0.0","--","0","0","0.0","0.0","--","0","0","0","0:00","16.0","0:00","Ne","00:15.23","12","24.0","00:44:33","00:53:10","29","114"
Trčanje,2023-04-23 13:19:30,false,"Rijeka Trčanje","12.06","726","01:04:42","148","170","3.3","168","180","5:22","4:23","252","250","1.11","0.0","0.0","0","--","--","--","--","--","--","0.0","--","0","0","0.0","0.0","--","0","0","0","0:00","24.0","0:00","Ne","00:23.36","13","29.0","01:04:33","01:05:55","91","299"
Trčanje,2023-04-22 12:49:14,false,"Rijeka Trčanje","8.29","492","00:42:07","143","155","2.9","167","178","5:05","4:08","92","129","1.18","0.0","0.0","0","--","--","--","--","--","--","0.0","--","0","0","0.0","0.0","--","0","0","0","0:00","23.0","0:00","Ne","01:33.48","9","28.0","00:42:00","00:45:06","27","132"
Trčanje,2023-04-20 12:04:42,false,"Rijeka Trčanje","11.68","606","01:00:04","138","161","2.4","164","212","5:08","4:05","224","246","1.19","0.0","0.0","0","--","--","--","--","--","--","0.0","--","0","0","0.0","0.0","--","0","0","0","0:00","19.0","0:00","Ne","04:05.71","12","24.0","00:59:55","01:15:04","15","205"
Trčanje,2023-04-16 10:00:04,false,"Groznjan Trčanje","21.59","1,388","01:37:32","169","181","5.0","171","191","4:31","3:32","130","432","1.29","0.0","0.0","0","--","--","--","--","--","--","0.0","--","0","0","0.0","0.0","--","0","0","0","0:00","15.0","0:00","Ne","02:42.78","22","25.0","01:37:21","01:37:37","-3","283"
Trčanje,2023-04-15 12:53:50,false,"Porec Trčanje","5.01","294","00:26:08","138","155","2.4","168","198","5:13","3:13","53","58","1.14","0.0","0.0","0","--","--","--","--","--","--","0.0","--","0","0","0.0","0.0","--","0","0","0","0:00","22.0","0:00","Ne","00:02.80","6","25.0","00:26:06","00:30:24","83","133"
Trčanje,2023-04-13 11:37:02,false,"Rijeka Trčanje","8.09","461","00:37:23","148","168","3.2","169","177","4:37","3:54","41","63","1.28","0.0","0.0","0","--","--","--","--","--","--","0.0","--","0","0","0.0","0.0","--","0","0","0","0:00","13.0","0:00","Ne","00:08.30","16","22.0","00:37:18","00:47:31","110","158"
Trčanje,2023-04-11 13:23:46,false,"Porec Trčanje","5.02","293","00:25:34","139","153","2.5","169","175","5:06","4:41","46","46","1.16","0.0","0.0","0","--","--","--","--","--","--","0.0","--","0","0","0.0","0.0","--","0","0","0","0:00","21.0","0:00","Ne","00:05.23","6","25.0","00:25:34","00:25:34","51","91"
Trčanje,2023-04-09 12:45:20,false,"Porec Trčanje","14.19","724","01:15:13","138","153","2.8","165","173","5:18","4:35","141","143","1.15","0.0","0.0","0","--","--","--","--","--","--","0.0","--","0","0","0.0","0.0","--","0","0","0","0:00","19.0","0:00","Ne","01:01.10","15","28.0","01:14:46","01:26:52","61","165"
Trčanje,2023-04-08 12:57:41,false,"Porec Trčanje","5.15","330","00:27:44","142","153","2.6","168","173","5:23","4:43","60","57","1.11","0.0","0.0","0","--","--","--","--","--","--","0.0","--","0","0","0.0","0.0","--","0","0","0","0:00","19.0","0:00","Ne","00:46.24","6","24.0","00:27:41","00:27:57","45","104"
Pješačenje,2023-04-07 16:33:06,false,"Groznjan Pješačenje","7.36","597","02:02:28","102","125","0.5","73","232","16:38","8:56","171","133","0.82","0.0","0.0","0","--","--","--","--","--","--","0.0","--","0","0","0.0","0.0","--","0","0","0","0:00","19.0","0:00","Ne","02:02:28.01","1","25.0","01:35:53","02:02:29","277","384"